Carrier_Airline,Flight_Number,Tail_Number,Origin,Dest,Season,Flight_Duration_Minutes,Schedule_DateTime,Flight_Delay,Orientation,FTD,PFD
OO,5225,N103SY,LAX,PSP,Test,60.00,2022-03-31 23:36:00,0.00,Arrival,60.00,0.00
OO,5314,N105SY,DEN,GJT,Test,67.00,2022-03-31 19:58:00,0.00,Arrival,67.00,0.00
OO,5542,N106SY,BOI,DEN,Test,121.00,2022-03-31 07:01:00,0.00,Arrival,121.00,0.00
OO,5296,N107SY,SLC,IAH,Test,248.00,2022-03-06 10:48:00,25.00,Arrival,248.00,0.00
OO,4669,N108SY,ACV,SFO,Test,71.00,2022-03-31 21:42:00,0.00,Arrival,71.00,0.00
OO,4689,N109SY,ORD,MEM,Test,117.00,2022-03-31 23:02:00,0.00,Arrival,117.00,0.00
OO,4731,N110SY,BZN,LAX,Test,105.00,2022-03-31 14:13:00,0.00,Arrival,105.00,0.00
OO,5368,N113SY,MKE,IAH,Test,184.00,2022-03-31 17:20:00,2.00,Arrival,184.00,0.00
OO,5459,N114SY,PVD,ORD,Test,112.00,2022-03-31 08:10:00,0.00,Arrival,112.00,0.00
OO,5312,N116SY,LAX,AUS,Test,305.00,2022-03-31 23:59:00,0.00,Arrival,305.00,0.00
OO,5316,N117SY,DEN,FSD,Test,162.00,2022-03-31 20:13:00,0.00,Arrival,162.00,0.00
OO,5693,N118SY,SFO,PSP,Test,101.00,2022-03-31 12:46:00,0.00,Arrival,101.00,0.00
OO,4798,N119SY,IAH,OKC,Test,94.00,2022-03-31 18:05:00,0.00,Arrival,94.00,0.00
OO,4636,N120SY,ATL,ORD,Test,75.00,2022-03-31 21:29:00,0.00,Arrival,75.00,0.00
OO,5369,N121SY,ORD,GSP,Test,177.00,2022-03-31 20:52:00,25.00,Arrival,177.00,0.00
OO,4695,N122SY,CVG,ORD,Test,30.00,2022-03-31 18:55:00,61.00,Arrival,30.00,79.00
OO,5323,N124SY,ORD,CHS,Test,199.00,2022-03-31 21:29:00,30.00,Arrival,199.00,10.00
OO,5892,N125SY,SFO,ACV,Test,84.00,2022-03-31 23:59:00,67.00,Arrival,84.00,76.00
OO,5704,N127SY,ORD,DTW,Test,147.00,2022-03-31 20:17:00,34.00,Arrival,147.00,1.00
OO,5293,N128SY,ORD,ATL,Test,184.00,2022-04-01 00:15:00,29.00,Arrival,184.00,0.00
OO,5651,N130SY,ORD,SLC,Test,163.00,2022-03-31 18:48:00,0.00,Arrival,163.00,0.00
OO,5467,N131SY,IAH,TUS,Test,49.00,2022-03-31 20:40:00,0.00,Arrival,49.00,0.00
OO,5781,N132SY,DEN,CLT,Test,328.00,2022-03-31 23:04:00,0.00,Arrival,328.00,0.00
OO,5433,N133SY,ORD,SLC,Test,165.00,2022-03-30 22:35:00,0.00,Arrival,165.00,6.00
OO,4705,N134SY,ORD,STL,Test,84.00,2022-03-31 21:11:00,22.00,Arrival,84.00,0.00
OO,5544,N135SY,ORD,CLT,Test,192.00,2022-03-31 21:12:00,31.00,Arrival,192.00,0.00
OO,5318,N136SY,ORD,BTV,Test,181.00,2022-03-31 21:16:00,34.00,Arrival,181.00,14.00
OO,4793,N138SY,IAH,BHM,Test,112.00,2022-03-31 21:32:00,0.00,Arrival,112.00,0.00
OO,5604,N139SY,CLT,DEN,Test,113.00,2022-03-31 10:35:00,36.00,Arrival,113.00,47.00
OO,5305,N140SY,ORD,BHM,Test,120.00,2022-03-31 19:56:00,0.00,Arrival,120.00,1.00
OO,5448,N141SY,ORD,XNA,Test,122.00,2022-03-31 22:00:00,26.00,Arrival,122.00,5.00
OO,5909,N142SY,SFO,SBA,Test,76.00,2022-03-31 19:50:00,0.00,Arrival,76.00,0.00
OO,4785,N143SY,DEN,RAP,Test,76.00,2022-03-31 18:46:00,0.00,Arrival,76.00,0.00
OO,5361,N144SY,ORD,DTW,Test,147.00,2022-03-31 18:11:00,15.00,Arrival,147.00,8.00
OO,5510,N145SY,LAX,SBP,Test,66.00,2022-03-31 23:59:00,0.00,Arrival,66.00,0.00
OO,5290,N146SY,ORD,BOI,Test,174.00,2022-03-31 23:13:00,10.00,Arrival,174.00,0.00
OO,5581,N148SY,ORD,BNA,Test,105.00,2022-03-31 19:40:00,0.00,Arrival,105.00,0.00
OO,5347,N149SY,ORD,DLH,Test,98.00,2022-03-31 22:54:00,2.00,Arrival,98.00,0.00
OO,5355,N150SY,ORD,MLI,Test,66.00,2022-03-21 21:02:00,0.00,Arrival,66.00,0.00
OO,5563,N151SY,IAH,BNA,Test,123.00,2022-03-31 20:36:00,3.00,Arrival,123.00,9.00
OO,4710,N152SY,SFO,SLC,Test,180.00,2022-03-31 19:48:00,0.00,Arrival,180.00,0.00
OO,5336,N153SY,ORD,ATL,Test,186.00,2022-03-31 20:59:00,11.00,Arrival,186.00,0.00
OO,4661,N154SY,BTV,ORD,Test,94.00,2022-03-31 18:22:00,0.00,Arrival,94.00,0.00
OO,4786,N156SY,IAH,DTW,Test,232.00,2022-03-31 23:32:00,44.00,Arrival,232.00,40.00
OO,5630,N157SY,OMA,ORD,Test,106.00,2022-03-30 17:06:00,9.00,Arrival,106.00,8.00
OO,5432,N160SY,ORD,XNA,Test,119.00,2022-03-31 14:52:00,23.00,Arrival,119.00,9.00
OO,3983,N161PQ,MSP,FAR,Test,68.00,2022-03-30 20:50:00,25.00,Arrival,68.00,39.00
OO,5472,N161SY,SAT,IAH,Test,68.00,2022-03-31 20:38:00,0.00,Arrival,68.00,0.00
OO,3621,N162PQ,MSP,RAP,Test,42.00,2022-03-30 23:36:00,0.00,Arrival,42.00,0.00
OO,5524,N162SY,MAF,IAH,Test,92.00,2022-03-31 18:57:00,0.00,Arrival,92.00,0.00
OO,5859,N163SY,DCA,ORD,Test,79.00,2022-03-31 16:04:00,0.00,Arrival,79.00,0.00
OO,5311,N164SY,IAH,BOI,Test,177.00,2022-03-31 19:34:00,0.00,Arrival,177.00,0.00
OO,5771,N165SY,RDM,DEN,Test,208.00,2022-03-22 16:33:00,0.00,Arrival,208.00,0.00
OO,5977,N166SY,LAX,BOI,Test,191.00,2022-03-22 22:03:00,12.00,Arrival,191.00,25.00
OO,5224,N167SY,IAH,CVG,Test,206.00,2022-03-31 23:46:00,0.00,Arrival,206.00,0.00
OO,5509,N168SY,PSP,SFO,Test,102.00,2022-03-31 20:20:00,0.00,Arrival,102.00,1.00
OO,3555,N170PQ,OMA,DTW,Test,171.00,2022-03-28 13:57:00,3.00,Arrival,171.00,0.00
OO,3390,N170SY,SJC,SAN,Test,81.00,2022-03-31 22:06:00,0.00,Arrival,81.00,0.00
OO,3349,N171SY,SMF,SAN,Test,88.00,2022-03-31 21:38:00,23.00,Arrival,88.00,23.00
OO,3495,N173SY,PDX,SLC,Test,172.00,2022-03-31 21:32:00,0.00,Arrival,172.00,0.00
OO,3382,N174SY,LAX,BOI,Test,185.00,2022-03-31 23:00:00,0.00,Arrival,185.00,0.00
OO,3308,N175SY,SFO,LAX,Test,85.00,2022-03-31 23:55:00,34.00,Arrival,85.00,20.00
OO,3304,N176SY,SEA,SLC,Test,176.00,2022-03-31 23:21:00,0.00,Arrival,176.00,0.00
OO,3389,N177SY,SAN,SJC,Test,88.00,2022-03-31 22:33:00,0.00,Arrival,88.00,0.00
OO,3477,N178SY,SMF,SEA,Test,120.00,2022-03-31 19:40:00,0.00,Arrival,120.00,0.00
OO,3470,N179SY,SFO,BOI,Test,153.00,2022-03-31 21:48:00,0.00,Arrival,153.00,0.00
OO,3430,N181SY,LAX,SFO,Test,84.00,2022-03-31 23:59:00,0.00,Arrival,84.00,0.00
OO,3350,N182SY,SFO,SAN,Test,90.00,2022-03-31 23:20:00,0.00,Arrival,90.00,0.00
OO,3332,N183SY,SEA,FAT,Test,124.00,2022-03-31 21:39:00,0.00,Arrival,124.00,0.00
OO,3338,N184SY,LAX,LAS,Test,71.00,2022-03-31 21:06:00,0.00,Arrival,71.00,0.00
OO,3421,N185SY,SEA,TUS,Test,180.00,2022-03-31 21:00:00,0.00,Arrival,180.00,0.00
OO,3408,N186SY,PDX,FAT,Test,108.00,2022-03-31 22:13:00,4.00,Arrival,108.00,9.00
OO,3772,N187PQ,MSP,GFK,Test,72.00,2022-03-30 23:58:00,0.00,Arrival,72.00,0.00
OO,3388,N187SY,SAN,FAT,Test,74.00,2022-03-31 21:09:00,0.00,Arrival,74.00,0.00
OO,3398,N188SY,SFO,AUS,Test,328.00,2022-03-31 23:58:00,0.00,Arrival,328.00,0.00
OO,3392,N189SY,SFO,PSP,Test,90.00,2022-03-28 20:55:00,4.00,Arrival,90.00,3.00
OO,3392,N191SY,SFO,PSP,Test,90.00,2022-03-31 20:55:00,0.00,Arrival,90.00,0.00
OO,3492,N192SY,SNA,SFO,Test,85.00,2022-03-31 21:40:00,67.00,Arrival,85.00,66.00
OO,3384,N193SY,SAN,SMF,Test,98.00,2022-03-31 23:03:00,0.00,Arrival,98.00,0.00
OO,3479,N194SY,SJC,BOI,Test,154.00,2022-03-31 22:39:00,0.00,Arrival,154.00,0.00
OO,3438,N195SY,GEG,SEA,Test,70.00,2022-03-29 21:55:00,0.00,Arrival,70.00,0.00
OO,3319,N196SY,SFO,SNA,Test,89.00,2022-03-31 22:29:00,0.00,Arrival,89.00,0.00
OO,3442,N197SY,SAN,SFO,Test,92.00,2022-03-31 23:22:00,0.00,Arrival,92.00,0.00
OO,3394,N198SY,SAN,SLC,Test,174.00,2022-03-31 22:34:00,11.00,Arrival,174.00,0.00
OO,3300,N199SY,SFO,RDM,Test,90.00,2022-03-31 19:55:00,0.00,Arrival,90.00,0.00
OO,5736,N200SY,SLC,SFO,Test,79.00,2022-03-30 08:50:00,0.00,Arrival,79.00,0.00
OO,5977,N202SY,LAX,BOI,Test,191.00,2022-03-31 22:08:00,0.00,Arrival,191.00,0.00
OO,4807,N203SY,IAH,SAT,Test,64.00,2022-03-31 22:40:00,0.00,Arrival,64.00,1.00
OO,5447,N204SY,ORD,PWM,Test,206.00,2022-03-31 23:16:00,12.00,Arrival,206.00,0.00
OO,5608,N205SY,IAH,SLC,Test,140.00,2022-03-31 22:03:00,5.00,Arrival,140.00,0.00
OO,5467,N206SY,IAH,TUS,Test,49.00,2022-03-30 20:40:00,22.00,Arrival,49.00,22.00
OO,5042,N207PS,DEN,HYS,Test,135.00,2022-03-31 22:40:00,0.00,Arrival,135.00,0.00
OO,5568,N207SY,ORD,TYS,Test,164.00,2022-03-31 22:29:00,57.00,Arrival,164.00,15.00
OO,5847,N208SY,IAH,MKE,Test,166.00,2022-03-31 21:11:00,12.00,Arrival,166.00,0.00
OO,5478,N209SY,ORD,JAX,Test,220.00,2022-03-31 21:38:00,26.00,Arrival,220.00,9.00
OO,5614,N211SY,SFO,PSP,Test,101.00,2022-03-31 14:46:00,0.00,Arrival,101.00,0.00
OO,5433,N213SY,ORD,SLC,Test,165.00,2022-03-31 22:35:00,8.00,Arrival,165.00,0.00
OO,5575,N218PS,SFO,SBA,Test,79.00,2022-03-31 17:44:00,0.00,Arrival,79.00,0.00
OO,5622,N221PS,TUL,ORD,Test,122.00,2022-03-31 17:01:00,0.00,Arrival,122.00,0.00
OO,5522,N223JS,ORD,TUL,Test,126.00,2022-03-31 21:53:00,43.00,Arrival,126.00,0.00
OO,5091,N228PS,DEN,RKS,Test,66.00,2022-03-31 22:06:00,0.00,Arrival,66.00,0.00
OO,3754,N240SY,SLC,OAK,Test,60.00,2022-03-30 23:59:00,0.00,Arrival,60.00,0.00
OO,3626,N241SY,MSP,MCI,Test,88.00,2022-03-30 22:48:00,0.00,Arrival,88.00,0.00
OO,3545,N242SY,MSP,MEM,Test,120.00,2022-03-30 23:22:00,92.00,Arrival,120.00,68.00
OO,3606,N243SY,BZN,SLC,Test,86.00,2022-03-21 20:06:00,0.00,Arrival,86.00,0.00
OO,3795,N244SY,SLC,RDM,Test,44.00,2022-03-30 23:25:00,0.00,Arrival,44.00,0.00
OO,5481,N246PS,PNS,ORD,Test,163.00,2022-03-31 14:53:00,95.00,Arrival,163.00,119.00
OO,3761,N246SY,SLC,BUR,Test,71.00,2022-03-30 21:56:00,0.00,Arrival,71.00,0.00
OO,3616,N247SY,OMA,SLC,Test,102.00,2022-03-28 19:52:00,0.00,Arrival,102.00,0.00
OO,3893,N250SY,MCI,MSP,Test,84.00,2022-03-30 12:15:00,6.00,Arrival,84.00,15.00
OO,3851,N251SY,SFO,LAX,Test,82.00,2022-03-30 20:53:00,0.00,Arrival,82.00,0.00
OO,4001,N252SY,SLC,PSP,Test,53.00,2022-03-30 21:38:00,0.00,Arrival,53.00,0.00
OO,3618,N253SY,LAX,SFO,Test,76.00,2022-03-30 22:46:00,19.00,Arrival,76.00,15.00
OO,3533,N254SY,MEM,MSP,Test,133.00,2022-03-29 08:18:00,126.00,Arrival,133.00,131.00
OO,3574,N255SY,MSP,OMA,Test,71.00,2022-03-30 22:36:00,39.00,Arrival,71.00,26.00
OO,3677,N256SY,MSP,PSC,Test,85.00,2022-03-30 20:10:00,0.00,Arrival,85.00,0.00
OO,3511,N257SY,LAX,DEN,Test,206.00,2022-03-30 23:25:00,40.00,Arrival,206.00,12.00
OO,3820,N258SY,ABQ,SLC,Test,112.00,2022-03-30 20:12:00,23.00,Arrival,112.00,32.00
OO,3704,N259SY,IAH,MSP,Test,172.00,2022-03-30 14:37:00,195.00,Arrival,172.00,221.00
OO,3892,N260SY,SLC,LGB,Test,71.00,2022-03-30 21:45:00,0.00,Arrival,71.00,0.00
OO,3616,N261SY,OMA,SLC,Test,102.00,2022-03-30 19:52:00,0.00,Arrival,102.00,0.00
OO,4019,N262SY,SLC,ABQ,Test,98.00,2022-03-30 23:20:00,0.00,Arrival,98.00,0.00
OO,4120,N263SY,SEA,BOI,Test,142.00,2022-03-30 23:32:00,0.00,Arrival,142.00,3.00
OO,3502,N264SY,SEA,SJC,Test,133.00,2022-03-30 21:39:00,0.00,Arrival,133.00,1.00
OO,3648,N265SY,SMF,SEA,Test,120.00,2022-03-30 19:45:00,37.00,Arrival,120.00,0.00
OO,3738,N267SY,SEA,GEG,Test,66.00,2022-03-30 23:54:00,0.00,Arrival,66.00,0.00
OO,3552,N268SY,OMA,MSP,Test,82.00,2022-03-25 19:02:00,0.00,Arrival,82.00,0.00
OO,3860,N269SY,LAX,RNO,Test,84.00,2022-03-30 20:58:00,0.00,Arrival,84.00,0.00
OO,3712,N270SY,LAX,BOI,Test,175.00,2022-03-30 21:10:00,0.00,Arrival,175.00,0.00
OO,4115,N271SY,LAX,GEG,Test,154.00,2022-03-30 22:01:00,0.00,Arrival,154.00,0.00
OO,4125,N272SY,SLC,OMA,Test,198.00,2022-03-31 00:05:00,11.00,Arrival,198.00,5.00
OO,3565,N273SY,SEA,EUG,Test,71.00,2022-03-30 23:58:00,0.00,Arrival,71.00,0.00
OO,3633,N274SY,SLC,OKC,Test,198.00,2022-03-31 00:03:00,0.00,Arrival,198.00,2.00
OO,3765,N275SY,SJC,LAX,Test,91.00,2022-03-30 20:30:00,0.00,Arrival,91.00,0.00
OO,3685,N276SY,SEA,PSC,Test,62.00,2022-03-30 16:55:00,0.00,Arrival,62.00,0.00
OO,3848,N277SY,SLC,MFR,Test,59.00,2022-03-30 23:54:00,0.00,Arrival,59.00,0.00
OO,3728,N278SY,SEA,PSC,Test,62.00,2022-03-30 23:53:00,0.00,Arrival,62.00,0.00
OO,3592,N279SY,SMF,LAX,Test,92.00,2022-03-29 16:08:00,0.00,Arrival,92.00,15.00
OO,3563,N280SY,SEA,ONT,Test,164.00,2022-03-30 22:11:00,0.00,Arrival,164.00,5.00
OO,3937,N281SY,MFR,SEA,Test,85.00,2022-03-30 18:50:00,48.00,Arrival,85.00,0.00
OO,3598,N282SY,LAX,SJC,Test,73.00,2022-03-30 22:26:00,0.00,Arrival,73.00,0.00
OO,4008,N283SY,LAX,SLC,Test,173.00,2022-03-30 23:08:00,44.00,Arrival,173.00,40.00
OO,3719,N284SY,PDX,SEA,Test,59.00,2022-03-30 16:29:00,5.00,Arrival,59.00,0.00
OO,4146,N285SY,SEA,GEG,Test,66.00,2022-03-30 20:37:00,5.00,Arrival,66.00,7.00
OO,3635,N286SY,SJC,SLC,Test,171.00,2022-03-30 16:01:00,9.00,Arrival,171.00,15.00
OO,3672,N287SY,SEA,RDM,Test,70.00,2022-03-30 23:59:00,0.00,Arrival,70.00,0.00
OO,3790,N288SY,LAX,SAN,Test,50.00,2022-03-30 20:22:00,0.00,Arrival,50.00,0.00
OO,3634,N289SY,SFO,LAX,Test,86.00,2022-03-29 09:49:00,0.00,Arrival,86.00,0.00
OO,3917,N290SY,SEA,MFR,Test,86.00,2022-03-31 00:22:00,0.00,Arrival,86.00,0.00
OO,3611,N291SY,SLC,SUN,Test,62.00,2022-03-30 22:02:00,0.00,Arrival,62.00,0.00
OO,3552,N292SY,OMA,MSP,Test,82.00,2022-03-29 19:02:00,0.00,Arrival,82.00,0.00
OO,3784,N293SY,SLC,HLN,Test,87.00,2022-03-30 22:32:00,0.00,Arrival,87.00,0.00
OO,3826,N294SY,LAX,ABQ,Test,171.00,2022-03-30 22:35:00,0.00,Arrival,171.00,6.00
OO,3733,N295SY,BZN,SLC,Test,83.00,2022-03-25 13:08:00,0.00,Arrival,83.00,0.00
OO,4053,N296SY,PDX,SEA,Test,62.00,2022-03-30 12:24:00,20.00,Arrival,62.00,29.00
OO,4143,N297SY,LAX,TUS,Test,87.00,2022-03-30 22:17:00,0.00,Arrival,87.00,4.00
OO,3806,N298SY,LAX,OAK,Test,81.00,2022-03-30 19:32:00,0.00,Arrival,81.00,0.00
OO,3507,N299SY,MFR,SLC,Test,165.00,2022-03-30 16:10:00,0.00,Arrival,165.00,6.00
OO,3680,N300SY,ONT,SEA,Test,174.00,2022-03-30 20:19:00,0.00,Arrival,174.00,0.00
OO,4076,N301SY,BUR,SLC,Test,175.00,2022-03-30 16:15:00,0.00,Arrival,175.00,0.00
OO,3606,N302SY,BZN,SLC,Test,86.00,2022-03-30 20:06:00,5.00,Arrival,86.00,17.00
OO,3562,N303SY,LAX,PHX,Test,85.00,2022-03-30 19:25:00,0.00,Arrival,85.00,0.00
OO,3800,N304SY,SEA,BOI,Test,145.00,2022-03-30 21:55:00,0.00,Arrival,145.00,0.00
OO,3651,N305SY,LGB,SLC,Test,168.00,2022-03-30 19:55:00,0.00,Arrival,168.00,0.00
OO,3547,N306SY,MSP,IAH,Test,186.00,2022-03-30 22:49:00,0.00,Arrival,186.00,0.00
OO,4124,N307SY,MSP,PIT,Test,182.00,2022-03-30 23:02:00,0.00,Arrival,182.00,1.00
OO,3581,N308SY,PDX,LAX,Test,144.00,2022-03-30 22:20:00,0.00,Arrival,144.00,0.00
OO,3416,N400SY,SAN,AUS,Test,284.00,2022-03-31 23:04:00,0.00,Arrival,284.00,0.00
OO,3380,N402SY,AUS,SFO,Test,125.00,2022-03-28 09:40:00,31.00,Arrival,125.00,35.00
OO,3303,N403SY,LAX,AUS,Test,297.00,2022-03-31 23:17:00,0.00,Arrival,297.00,0.00
OO,3387,N404SY,LAX,SJC,Test,78.00,2022-03-31 22:58:00,0.00,Arrival,78.00,0.00
OO,3478,N405SY,SFO,AUS,Test,331.00,2022-04-01 05:00:00,0.00,Arrival,331.00,0.00
OO,3475,N406SY,SJC,AUS,Test,322.00,2022-03-31 22:37:00,0.00,Arrival,322.00,0.00
OO,5439,N417SW,BIS,DEN,Test,65.00,2022-03-22 10:27:00,0.00,Arrival,65.00,0.00
OO,4265,N429SW,MSP,BRD,Test,45.00,2022-03-30 22:25:00,0.00,Arrival,45.00,0.00
OO,5557,N430SW,SBA,SFO,Test,77.00,2022-03-31 19:48:00,0.00,Arrival,77.00,0.00
OO,5912,N431SW,DEN,BOI,Test,131.00,2022-03-31 22:31:00,0.00,Arrival,131.00,0.00
OO,5112,N432SW,ORD,EAU,Test,80.00,2022-03-31 22:25:00,53.00,Arrival,80.00,39.00
OO,5615,N433SW,DEN,PSC,Test,98.00,2022-03-31 20:28:00,167.00,Arrival,98.00,172.00
OO,5317,N435SW,LAX,COS,Test,206.00,2022-03-02 22:11:00,0.00,Arrival,206.00,0.00
OO,4730,N437SW,IAH,HOB,Test,47.00,2022-03-31 20:32:00,0.00,Arrival,47.00,0.00
OO,4773,N438SW,HOB,IAH,Test,159.00,2022-03-31 17:07:00,0.00,Arrival,159.00,0.00
OO,4279,N439SW,MSP,RHI,Test,54.00,2022-03-30 22:24:00,0.00,Arrival,54.00,0.00
OO,5150,N440SW,CKB,IAD,Test,67.00,2022-03-31 07:35:00,12.00,Arrival,67.00,0.00
OO,4269,N441SW,SLC,CPR,Test,70.00,2022-03-30 22:25:00,0.00,Arrival,70.00,0.00
OO,3644,N442SW,SLC,GTF,Test,88.00,2022-03-30 22:30:00,0.00,Arrival,88.00,0.00
OO,5068,N443SW,ORD,SUX,Test,108.00,2022-03-31 22:53:00,18.00,Arrival,108.00,15.00
OO,4235,N445SW,SGU,SLC,Test,68.00,2022-03-19 07:08:00,0.00,Arrival,68.00,0.00
OO,4316,N446SW,SLC,SGU,Test,66.00,2022-03-30 22:26:00,0.00,Arrival,66.00,0.00
OO,4270,N447SW,SLC,BTM,Test,80.00,2022-03-30 19:00:00,0.00,Arrival,80.00,0.00
OO,4245,N448SW,DTW,PLN,Test,68.00,2022-03-30 21:58:00,0.00,Arrival,68.00,0.00
OO,3827,N449SW,MSP,RST,Test,40.00,2022-03-10 23:33:00,0.00,Arrival,40.00,0.00
OO,5949,N452SW,SFO,SBP,Test,65.00,2022-03-22 17:35:00,103.00,Arrival,65.00,116.00
OO,5234,N453SW,ORD,SBN,Test,113.00,2022-03-31 22:58:00,24.00,Arrival,113.00,0.00
OO,5648,N454SW,ORD,FWA,Test,128.00,2022-03-31 20:13:00,67.00,Arrival,128.00,40.00
OO,5310,N455SW,LAX,MRY,Test,76.00,2022-03-30 10:48:00,0.00,Arrival,76.00,0.00
OO,5607,N457SW,ORD,TVC,Test,134.00,2022-03-31 20:34:00,19.00,Arrival,134.00,0.00
OO,3630,N459SW,DTW,MQT,Test,93.00,2022-03-30 23:18:00,701.00,Arrival,93.00,718.00
OO,3682,N460SW,DTW,FWA,Test,58.00,2022-03-26 18:43:00,0.00,Arrival,58.00,0.00
OO,3638,N461SW,MQT,DTW,Test,88.00,2022-03-30 07:48:00,520.00,Arrival,88.00,506.00
OO,5100,N463SW,IAH,PIB,Test,87.00,2022-03-31 21:12:00,0.00,Arrival,87.00,0.00
OO,5326,N464SW,BUR,SFO,Test,93.00,2022-03-31 19:59:00,0.00,Arrival,93.00,0.00
OO,4665,N465SW,DEN,BIS,Test,168.00,2022-03-31 20:18:00,0.00,Arrival,168.00,0.00
OO,5762,N466SW,DEN,SLC,Test,101.00,2022-03-31 19:21:00,0.00,Arrival,101.00,0.00
OO,5762,N468CA,DEN,SLC,Test,101.00,2022-03-30 19:21:00,47.00,Arrival,101.00,64.00
OO,4634,N471CA,FAR,ORD,Test,120.00,2022-03-31 15:55:00,0.00,Arrival,120.00,0.00
OO,5556,N472CA,ORD,SBN,Test,116.00,2022-03-31 20:56:00,18.00,Arrival,116.00,0.00
OO,3682,N477CA,DTW,FWA,Test,58.00,2022-03-28 18:43:00,4.00,Arrival,58.00,14.00
OO,5460,N487CA,ORD,CRW,Test,165.00,2022-03-31 20:59:00,23.00,Arrival,165.00,0.00
OO,4631,N494CA,DEN,LBB,Test,158.00,2022-03-31 21:33:00,0.00,Arrival,158.00,0.00
OO,3636,N496CA,SLC,LWS,Test,32.00,2022-03-30 21:42:00,0.00,Arrival,32.00,0.00
OO,3682,N498CA,DTW,FWA,Test,58.00,2022-03-30 18:43:00,104.00,Arrival,58.00,116.00
OH,5294,N500AE,DCA,PHL,Test,63.00,2022-03-31 18:57:00,153.00,Arrival,63.00,168.00
OH,5308,N501BG,ILM,CLT,Test,73.00,2022-03-31 17:26:00,127.00,Arrival,73.00,121.00
OO,3002,N501SY,IAH,LAX,Test,110.00,2022-03-28 09:20:00,36.00,Arrival,110.00,30.00
OH,5491,N502AE,DCA,CLT,Test,89.00,2022-03-31 06:59:00,165.00,Arrival,89.00,124.00
OO,6254,N502SY,ELP,LAX,Test,82.00,2022-03-21 13:57:00,0.00,Arrival,82.00,0.00
OH,5601,N503AE,CLT,BHM,Test,34.00,2022-03-31 20:45:00,44.00,Arrival,34.00,51.00
OH,5671,N504AE,PHL,SAV,Test,130.00,2022-03-31 21:55:00,74.00,Arrival,130.00,0.00
OO,6259,N504SY,PDX,LAX,Test,143.00,2022-03-31 13:49:00,1282.00,Arrival,143.00,1284.00
OH,5396,N505AE,CLT,DAY,Test,97.00,2022-03-31 21:54:00,0.00,Arrival,97.00,3.00
OO,6243,N505SY,LAX,TUS,Test,91.00,2022-03-31 22:42:00,0.00,Arrival,91.00,0.00
OH,5579,N506AE,ORF,DCA,Test,65.00,2022-03-31 20:32:00,81.00,Arrival,65.00,75.00
OO,3624,N506CA,SLC,COS,Test,95.00,2022-03-27 18:55:00,7.00,Arrival,95.00,7.00
OO,6253,N506SY,LAX,DEN,Test,205.00,2022-03-31 23:05:00,0.00,Arrival,205.00,0.00
OH,5416,N507AE,PHL,MSN,Test,110.00,2022-03-31 12:05:00,0.00,Arrival,110.00,19.00
OO,6255,N507SY,LAX,OKC,Test,293.00,2022-03-23 22:53:00,7.00,Arrival,293.00,0.00
OH,5459,N508AE,PVD,DCA,Test,95.00,2022-03-31 22:00:00,12.00,Arrival,95.00,4.00
OO,6265,N508SY,LAX,SMF,Test,93.00,2022-03-31 21:44:00,2.00,Arrival,93.00,14.00
OH,5608,N509AE,DCA,GSP,Test,96.00,2022-03-31 21:38:00,44.00,Arrival,96.00,21.00
OO,6255,N509SY,LAX,OKC,Test,293.00,2022-03-31 22:53:00,0.00,Arrival,293.00,0.00
OH,5656,N510AE,CLT,TRI,Test,55.00,2022-03-31 22:45:00,34.00,Arrival,55.00,27.00
OO,6250,N510SY,LAX,SEA,Test,176.00,2022-03-31 21:26:00,65.00,Arrival,151.00,0.00
OH,5240,N511AE,CLT,SBN,Test,118.00,2022-03-31 22:17:00,0.00,Arrival,118.00,0.00
OO,6263,N511SY,SFO,LAX,Test,113.00,2022-03-31 21:02:00,0.00,Arrival,113.00,0.00
OH,5597,N512AE,DCA,TLH,Test,133.00,2022-03-31 22:13:00,96.00,Arrival,133.00,0.00
OO,6245,N512SY,TUL,LAX,Test,90.00,2022-03-31 21:54:00,0.00,Arrival,90.00,6.00
OH,5305,N513AE,DCA,CAK,Test,74.00,2022-03-18 20:31:00,55.00,Arrival,74.00,46.00
OH,5585,N514AE,ORF,DCA,Test,62.00,2022-03-31 11:00:00,0.00,Arrival,62.00,0.00
OH,5571,N515AE,PHL,ORF,Test,67.00,2022-03-31 18:49:00,41.00,Arrival,67.00,0.00
OH,5291,N516AE,MHT,PHL,Test,92.00,2022-03-31 18:14:00,0.00,Arrival,92.00,0.00
OH,5317,N517AE,ILM,DCA,Test,80.00,2022-03-31 20:00:00,117.00,Arrival,80.00,120.00
OH,5206,N518AE,CLT,LFT,Test,90.00,2022-04-01 00:01:00,13.00,Arrival,90.00,10.00
OH,5379,N519AE,CAK,CLT,Test,104.00,2022-03-31 16:41:00,19.00,Arrival,104.00,24.00
OH,5312,N520DC,PHL,CVG,Test,114.00,2022-03-31 19:29:00,9.00,Arrival,114.00,0.00
OH,5317,N522AE,ILM,DCA,Test,80.00,2022-03-30 20:00:00,34.00,Arrival,80.00,21.00
OH,5269,N523AE,BGR,DCA,Test,123.00,2022-03-11 19:34:00,48.00,Arrival,123.00,41.00
OH,5410,N524AE,DCA,TUL,Test,128.00,2022-03-31 23:08:00,3.00,Arrival,128.00,4.00
OH,5652,N525AE,BTV,DCA,Test,109.00,2022-03-31 22:39:00,214.00,Arrival,109.00,177.00
OH,5215,N526EA,DCA,HSV,Test,63.00,2022-03-31 22:11:00,88.00,Arrival,63.00,88.00
OH,5491,N527EA,CLT,DCA,Test,86.00,2022-03-25 09:12:00,8.00,Arrival,86.00,13.00
OH,5422,N528EG,CLT,BGR,Test,155.00,2022-03-31 20:36:00,0.00,Arrival,155.00,2.00
OH,5289,N529EA,DCA,HPN,Test,90.00,2022-03-31 21:45:00,222.00,Arrival,90.00,222.00
OH,5245,N531EG,CLT,VPS,Test,49.00,2022-03-31 23:09:00,115.00,Arrival,49.00,129.00
OH,5284,N532EA,DCA,DAY,Test,91.00,2022-03-31 19:19:00,118.00,Arrival,91.00,89.00
OH,5640,N533AE,LAN,DCA,Test,97.00,2022-03-21 17:00:00,0.00,Arrival,97.00,0.00
OH,5425,N534AE,ITH,CLT,Test,134.00,2022-03-31 17:26:00,93.00,Arrival,134.00,106.00
OH,5508,N535EA,BDL,DCA,Test,90.00,2022-03-31 12:59:00,9.00,Arrival,90.00,3.00
OH,5499,N536EA,ERI,CLT,Test,114.00,2022-03-27 17:16:00,0.00,Arrival,114.00,5.00
OH,5613,N537EA,DCA,CLE,Test,94.00,2022-03-31 23:54:00,77.00,Arrival,94.00,99.00
OH,5339,N538EG,CLT,CSG,Test,88.00,2022-03-31 21:57:00,0.00,Arrival,88.00,0.00
OH,5545,N539EA,DAY,DCA,Test,85.00,2022-03-30 13:59:00,0.00,Arrival,85.00,0.00
OH,5565,N540EG,DCA,ORF,Test,57.00,2022-03-31 20:42:00,42.00,Arrival,57.00,41.00
OH,5359,N541EA,JAN,DCA,Test,206.00,2022-03-31 09:26:00,35.00,Arrival,206.00,0.00
OH,5316,N542EA,IAD,CLT,Test,92.00,2022-03-31 21:48:00,41.00,Arrival,92.00,0.00
OH,5228,N543EA,DCA,SYR,Test,80.00,2022-03-31 17:21:00,0.00,Arrival,80.00,0.00
OH,5647,N544EA,CLT,EWN,Test,76.00,2022-03-31 23:56:00,0.00,Arrival,76.00,0.00
OH,5314,N545PB,CRW,CLT,Test,75.00,2022-03-30 15:53:00,0.00,Arrival,75.00,4.00
OH,5476,N546FF,BUF,PHL,Test,92.00,2022-03-31 17:46:00,193.00,Arrival,92.00,170.00
OH,5445,N547NN,JAX,DCA,Test,114.00,2022-03-31 13:58:00,94.00,Arrival,114.00,101.00
OO,3845,N548CA,GRR,MSP,Test,34.00,2022-03-30 16:44:00,9.00,Arrival,34.00,15.00
OH,5450,N548NN,CLT,BHM,Test,30.00,2022-03-31 22:50:00,27.00,Arrival,30.00,20.00
OH,5270,N549NN,BHM,CLT,Test,158.00,2022-03-31 11:51:00,12.00,Arrival,158.00,13.00
OH,5283,N551NN,DCA,MHT,Test,93.00,2022-03-31 23:43:00,7.00,Arrival,93.00,13.00
OH,5420,N552NN,CLT,GNV,Test,96.00,2022-03-31 22:27:00,6.00,Arrival,96.00,0.00
OH,5502,N553NN,ABE,CLT,Test,129.00,2022-03-31 20:50:00,233.00,Arrival,129.00,255.00
OO,3602,N554CA,MSP,IAD,Test,197.00,2022-03-30 23:10:00,0.00,Arrival,197.00,0.00
OH,5465,N554NN,CLT,AVL,Test,64.00,2022-03-31 21:49:00,0.00,Arrival,64.00,0.00
OH,5432,N555NN,TYS,CLT,Test,76.00,2022-03-31 21:11:00,0.00,Arrival,76.00,11.00
OH,5255,N556NN,EWR,CLT,Test,123.00,2022-03-31 19:27:00,88.00,Arrival,123.00,72.00
OH,5203,N557NN,CLT,BDL,Test,123.00,2022-03-31 22:20:00,0.00,Arrival,123.00,3.00
OH,5462,N558NN,DCA,BNA,Test,60.00,2022-03-30 18:25:00,0.00,Arrival,60.00,0.00
OH,5374,N559NN,CLT,ATW,Test,83.00,2022-03-31 22:42:00,70.00,Arrival,83.00,48.00
OH,5323,N560NN,STL,DCA,Test,183.00,2022-03-30 13:59:00,108.00,Arrival,183.00,115.00
OH,5212,N561NN,CLT,BTR,Test,80.00,2022-03-29 19:40:00,5.00,Arrival,80.00,25.00
OH,5213,N562NN,DFW,LIT,Test,77.00,2022-03-31 23:57:00,0.00,Arrival,77.00,0.00
OH,5634,N563NN,MSP,CLT,Test,222.00,2022-03-31 17:03:00,1166.00,Arrival,222.00,1169.00
OH,5309,N564NN,SDF,CLT,Test,103.00,2022-03-31 13:42:00,0.00,Arrival,103.00,0.00
OH,5417,N565NN,CLT,PHF,Test,85.00,2022-03-31 23:59:00,0.00,Arrival,85.00,0.00
OH,5611,N566NN,DFW,TYS,Test,180.00,2022-03-31 21:30:00,22.00,Arrival,180.00,12.00
OH,5587,N567NN,CLT,OAJ,Test,67.00,2022-03-31 21:25:00,0.00,Arrival,67.00,4.00
OH,5549,N568NN,CLT,IAD,Test,98.00,2022-04-01 00:24:00,35.00,Arrival,98.00,72.00
OH,5650,N569NN,MCI,PHL,Test,218.00,2022-03-31 21:42:00,10.00,Arrival,218.00,19.00
OH,5212,N570NN,CLT,BTR,Test,70.00,2022-03-31 23:06:00,24.00,Arrival,70.00,14.00
OH,5442,N571NN,MSN,CLT,Test,193.00,2022-03-31 19:39:00,120.00,Arrival,193.00,94.00
OH,5210,N572NN,FAY,CLT,Test,67.00,2022-03-31 21:03:00,42.00,Arrival,67.00,54.00
OH,5615,N573NN,MCI,CLT,Test,207.00,2022-03-31 19:24:00,0.00,Arrival,207.00,0.00
OH,5521,N574NN,PHL,JAX,Test,147.00,2022-03-31 22:22:00,205.00,Arrival,147.00,208.00
OH,5204,N575NN,IND,CLT,Test,102.00,2022-03-31 17:15:00,3.00,Arrival,102.00,0.00
OH,5230,N576NN,PHL,DAY,Test,109.00,2022-03-31 21:26:00,277.00,Arrival,109.00,207.00
OH,5533,N577NN,CLT,GPT,Test,68.00,2022-03-31 21:47:00,0.00,Arrival,68.00,0.00
OH,5672,N578NN,LIT,CLT,Test,180.00,2022-03-31 21:23:00,7.00,Arrival,180.00,22.00
OH,5400,N579NN,DCA,BDL,Test,79.00,2022-03-31 23:59:00,40.00,Arrival,79.00,26.00
OH,5209,N580NN,CLT,CVG,Test,89.00,2022-03-31 21:38:00,0.00,Arrival,89.00,0.00
OH,5351,N581NN,CLT,DAB,Test,104.00,2022-03-31 22:29:00,0.00,Arrival,104.00,0.00
OH,5629,N582NN,CLT,HSV,Test,43.00,2022-03-31 23:38:00,0.00,Arrival,43.00,0.00
OH,5617,N583NN,CLT,PNS,Test,53.00,2022-03-31 21:08:00,4.00,Arrival,53.00,9.00
OH,5470,N584NN,CLT,MYR,Test,74.00,2022-03-31 23:59:00,52.00,Arrival,74.00,82.00
OH,5553,N585NN,CLT,ABE,Test,101.00,2022-03-31 23:16:00,0.00,Arrival,101.00,0.00
OH,5360,N586NN,DCA,STL,Test,85.00,2022-03-31 17:42:00,69.00,Arrival,85.00,0.00
OH,5225,N587NN,CLT,BTV,Test,140.00,2022-03-31 22:42:00,0.00,Arrival,140.00,8.00
OH,5324,N588NN,CLT,ROC,Test,123.00,2022-03-31 22:49:00,0.00,Arrival,123.00,0.00
OH,5460,N589NN,CLT,GSO,Test,59.00,2022-03-31 21:23:00,0.00,Arrival,59.00,0.00
OH,5218,N590NN,PHL,CLE,Test,93.00,2022-03-31 23:41:00,44.00,Arrival,93.00,0.00
OH,5382,N591NN,CLT,SAV,Test,72.00,2022-03-31 21:22:00,5.00,Arrival,72.00,0.00
OH,5523,N592NN,DCA,CLT,Test,99.00,2022-03-31 23:39:00,156.00,Arrival,99.00,169.00
OO,5229,N593ML,SFO,TUS,Test,133.00,2022-03-31 23:02:00,4.00,Arrival,133.00,12.00
OH,5299,N593NN,GSP,CLT,Test,71.00,2022-03-31 13:52:00,0.00,Arrival,71.00,0.00
OH,5655,N594NN,CLT,MHT,Test,141.00,2022-03-31 22:56:00,0.00,Arrival,141.00,0.00
OH,5505,N595NN,CLT,ORF,Test,81.00,2022-03-31 21:33:00,3.00,Arrival,81.00,17.00
OH,5234,N596NN,CLT,FAY,Test,68.00,2022-03-31 23:59:00,0.00,Arrival,68.00,0.00
OH,5544,N597NN,DCA,PNS,Test,89.00,2022-03-31 21:29:00,120.00,Arrival,89.00,110.00
OH,5249,N598NN,PHL,STL,Test,95.00,2022-03-31 15:16:00,0.00,Arrival,95.00,0.00
OH,5287,N599NN,DCA,RDU,Test,74.00,2022-03-31 21:14:00,49.00,Arrival,74.00,56.00
OH,5419,N600NN,PHL,CHS,Test,134.00,2022-03-31 22:19:00,0.00,Arrival,134.00,0.00
OH,5342,N601EN,SAT,CLT,Test,230.00,2022-03-31 21:17:00,45.00,Arrival,230.00,73.00
OO,4675,N601UX,CLT,IAH,Test,116.00,2022-03-31 13:40:00,5.00,Arrival,116.00,0.00
OH,5539,N602NN,BNA,CLT,Test,153.00,2022-03-31 21:30:00,103.00,Arrival,150.00,819.00
OO,5333,N602UX,EGE,DEN,Test,64.00,2022-03-22 16:23:00,26.00,Arrival,64.00,0.00
OH,5605,N603NN,MEM,CLT,Test,173.00,2022-03-31 11:59:00,10.00,Arrival,173.00,0.00
OO,3045,N603SK,ORD,HPN,Test,186.00,2022-03-31 20:26:00,51.00,Arrival,186.00,6.00
OO,4684,N603UX,DEN,GTF,Test,122.00,2022-03-31 20:52:00,0.00,Arrival,122.00,6.00
OO,3736,N604CZ,BUR,SLC,Test,171.00,2022-03-30 13:01:00,0.00,Arrival,171.00,0.00
OH,5588,N604NN,CLT,AVL,Test,66.00,2022-03-31 23:58:00,0.00,Arrival,66.00,0.00
OO,3182,N604SK,DFW,SBN,Test,197.00,2022-03-24 21:57:00,11.00,Arrival,197.00,0.00
OO,4740,N604UX,ORD,GRR,Test,121.00,2022-03-31 20:47:00,22.00,Arrival,121.00,0.00
OH,5436,N605NN,BHM,CLT,Test,161.00,2022-03-31 18:51:00,184.00,Arrival,103.00,10.00
OO,5284,N605UX,LGA,ORD,Test,111.00,2022-03-31 16:51:00,100.00,Arrival,111.00,84.00
OH,5618,N606NN,CAE,CLT,Test,72.00,2022-03-31 21:43:00,0.00,Arrival,72.00,0.00
OO,3183,N606SK,PHX,SLC,Test,164.00,2022-03-30 19:07:00,0.00,Arrival,164.00,0.00
OO,5939,N606UX,DEN,GSP,Test,302.00,2022-03-31 22:29:00,0.00,Arrival,302.00,0.00
OO,3678,N607CZ,IAH,MSP,Test,175.00,2022-03-30 22:15:00,0.00,Arrival,175.00,0.00
OH,5292,N607NN,CLT,TYS,Test,70.00,2022-03-31 21:30:00,11.00,Arrival,70.00,5.00
OO,3778,N607SK,SLC,FAT,Test,43.00,2022-03-30 21:30:00,0.00,Arrival,43.00,0.00
OO,5785,N607UX,ORD,DTW,Test,147.00,2022-03-31 23:37:00,30.00,Arrival,147.00,6.00
OH,5501,N608NN,SAV,CLT,Test,86.00,2022-03-31 21:36:00,0.00,Arrival,86.00,0.00
OO,3835,N608SK,SLC,IDA,Test,59.00,2022-03-30 22:04:00,0.00,Arrival,59.00,0.00
OO,4778,N608UX,DEN,BHM,Test,233.00,2022-03-31 22:53:00,0.00,Arrival,233.00,0.00
OH,5300,N609NN,PHL,CVG,Test,118.00,2022-03-31 21:43:00,174.00,Arrival,118.00,150.00
OO,3559,N609SK,IDA,SLC,Test,70.00,2022-03-30 07:10:00,0.00,Arrival,70.00,0.00
OO,5360,N609UX,ORD,FNT,Test,134.00,2022-03-31 21:04:00,13.00,Arrival,134.00,22.00
OO,3759,N610CZ,SLC,EUG,Test,63.00,2022-03-30 23:45:00,0.00,Arrival,63.00,3.00
OH,5281,N610NN,CLT,GSP,Test,50.00,2022-03-31 21:00:00,10.00,Arrival,50.00,5.00
OO,5252,N610UX,DEN,EGE,Test,52.00,2022-03-31 19:49:00,0.00,Arrival,52.00,0.00
OH,5582,N611NN,IAD,CLT,Test,92.00,2022-03-31 18:27:00,26.00,Arrival,92.00,14.00
OO,3180,N611SK,MKE,ORD,Test,62.00,2022-03-25 09:26:00,12.00,Arrival,62.00,0.00
OO,5482,N611UX,DEN,DTW,Test,302.00,2022-03-31 22:22:00,0.00,Arrival,302.00,0.00
OH,5536,N612NN,CLT,TYS,Test,73.00,2022-03-31 23:48:00,33.00,Arrival,73.00,51.00
OO,3248,N612QX,DFW,MHK,Test,91.00,2022-03-31 23:03:00,0.00,Arrival,91.00,0.00
OO,5624,N612UX,DEN,MEM,Test,215.00,2022-03-31 23:40:00,0.00,Arrival,215.00,0.00
OO,3990,N613CZ,LAX,SMF,Test,88.00,2022-03-30 23:33:00,0.00,Arrival,88.00,0.00
OH,5217,N613NN,JAX,PHL,Test,130.00,2022-03-31 17:32:00,9.00,Arrival,130.00,28.00
OO,3009,N613SK,DFW,LRD,Test,85.00,2022-03-31 22:15:00,0.00,Arrival,85.00,0.00
OO,5744,N613UX,LAX,SLC,Test,181.00,2022-03-31 22:08:00,0.00,Arrival,181.00,0.00
OO,3804,N614CZ,SLC,PSC,Test,46.00,2022-03-30 23:26:00,0.00,Arrival,46.00,0.00
OH,5217,N614NN,JAX,PHL,Test,130.00,2022-03-26 17:32:00,7.00,Arrival,130.00,1.00
OO,3182,N614QX,DFW,SBN,Test,197.00,2022-03-31 21:57:00,0.00,Arrival,197.00,0.00
OO,3183,N614SK,PHX,SLC,Test,166.00,2022-03-31 22:53:00,0.00,Arrival,166.00,0.00
OO,5826,N614UX,DEN,HDN,Test,58.00,2022-03-31 19:53:00,0.00,Arrival,58.00,4.00
OH,5590,N615NN,CLT,CID,Test,92.00,2022-03-31 22:05:00,0.00,Arrival,92.00,8.00
OO,5551,N615UX,DEN,MAF,Test,174.00,2022-03-31 22:08:00,0.00,Arrival,174.00,0.00
OO,4680,N616UX,ORD,MCI,Test,105.00,2022-03-31 21:25:00,5.00,Arrival,105.00,0.00
OO,5249,N617UX,DEN,BNA,Test,222.00,2022-03-31 22:02:00,0.00,Arrival,222.00,0.00
OO,5841,N618UX,DEN,OKC,Test,162.00,2022-03-31 23:17:00,0.00,Arrival,162.00,0.00
OO,4756,N619UX,FNT,ORD,Test,24.00,2022-03-31 06:29:00,0.00,Arrival,24.00,1.00
OO,5717,N620UX,ORD,OKC,Test,141.00,2022-03-31 21:56:00,5.00,Arrival,141.00,0.00
OO,4639,N621UX,DEN,MEM,Test,212.00,2022-03-31 14:47:00,0.00,Arrival,212.00,0.00
OO,5592,N622UX,DEN,OMA,Test,153.00,2022-03-31 20:10:00,0.00,Arrival,153.00,0.00
OO,5450,N623UX,ORD,CID,Test,72.00,2022-03-31 22:57:00,4.00,Arrival,72.00,0.00
OO,5705,N624UX,SFO,PSP,Test,91.00,2022-03-31 20:27:00,0.00,Arrival,91.00,0.00
OO,3963,N625CA,SLC,TUS,Test,63.00,2022-03-30 21:48:00,0.00,Arrival,63.00,0.00
OO,5627,N625UX,DEN,MTJ,Test,67.00,2022-03-31 21:27:00,0.00,Arrival,67.00,3.00
OO,3090,N630SK,SJC,LAX,Test,90.00,2022-03-31 21:30:00,0.00,Arrival,90.00,0.00
OO,3129,N631SK,DFW,YUM,Test,56.00,2022-03-31 20:57:00,0.00,Arrival,56.00,0.00
OO,3047,N632SK,ORD,LEX,Test,147.00,2022-03-31 22:42:00,10.00,Arrival,147.00,8.00
OO,3042,N633SK,DFW,BTR,Test,82.00,2022-03-31 22:07:00,0.00,Arrival,82.00,0.00
OO,4060,N641CA,SLC,TUL,Test,202.00,2022-03-31 00:22:00,14.00,Arrival,202.00,14.00
OO,5885,N652BR,SFO,RNO,Test,73.00,2022-03-31 23:59:00,0.00,Arrival,73.00,7.00
OO,3293,N656CA,PSP,PHX,Test,77.00,2022-03-30 17:47:00,0.00,Arrival,77.00,0.00
OO,3022,N658CA,ORD,DTW,Test,151.00,2022-03-31 22:33:00,0.00,Arrival,151.00,0.00
OO,3981,N679CA,MSP,DLH,Test,55.00,2022-03-30 20:53:00,0.00,Arrival,55.00,0.00
OO,5582,N679SA,DEN,COS,Test,50.00,2022-03-31 21:10:00,0.00,Arrival,50.00,0.00
OO,3509,N689CA,MSP,MKE,Test,74.00,2022-03-28 20:54:00,0.00,Arrival,74.00,0.00
OO,4442,N692CA,DTW,ROC,Test,77.00,2022-03-31 00:12:00,0.00,Arrival,77.00,0.00
OO,5269,N693BR,IAH,LBB,Test,106.00,2022-03-31 20:24:00,0.00,Arrival,106.00,0.00
OO,4166,N693CA,DTW,MKE,Test,15.00,2022-03-30 21:05:00,0.00,Arrival,15.00,0.00
OO,5340,N699BR,SLC,DEN,Test,103.00,2022-03-30 06:58:00,41.00,Arrival,103.00,7.00
OO,5506,N701BR,ORD,CHA,Test,164.00,2022-03-31 22:34:00,12.00,Arrival,164.00,0.00
OO,3131,N701SK,PHX,TUS,Test,52.00,2022-03-31 19:33:00,0.00,Arrival,52.00,0.00
OO,4335,N702BR,MSP,ESC,Test,125.00,2022-03-30 23:28:00,0.00,Arrival,125.00,0.00
OH,5289,N702PS,DCA,HPN,Test,90.00,2022-03-15 21:45:00,8.00,Arrival,90.00,30.00
OO,3163,N702SK,PHX,TUS,Test,53.00,2022-03-31 21:16:00,0.00,Arrival,53.00,0.00
OH,5669,N703PS,DCA,BGR,Test,109.00,2022-03-31 23:49:00,161.00,Arrival,109.00,174.00
OO,3015,N703SK,ORD,HPN,Test,188.00,2022-03-31 11:28:00,71.00,Arrival,188.00,66.00
OH,5262,N705PS,SHV,CLT,Test,194.00,2022-03-31 18:50:00,29.00,Arrival,194.00,46.00
OO,3263,N705SK,PHX,FLG,Test,53.00,2022-03-31 22:56:00,0.00,Arrival,53.00,0.00
OH,5285,N706PS,CLT,ITH,Test,123.00,2022-03-31 22:54:00,0.00,Arrival,123.00,0.00
OO,3219,N706SK,DFW,COS,Test,62.00,2022-03-31 19:42:00,0.00,Arrival,62.00,0.00
OO,3145,N707EV,PHX,MRY,Test,120.00,2022-03-31 22:29:00,0.00,Arrival,120.00,0.00
OO,3066,N707SK,ORD,MKE,Test,51.00,2022-03-31 19:46:00,0.00,Arrival,51.00,0.00
OH,5458,N708PS,DCA,BUF,Test,83.00,2022-03-29 11:26:00,21.00,Arrival,83.00,22.00
OO,3227,N708SK,DFW,CLL,Test,56.00,2022-03-31 22:31:00,0.00,Arrival,56.00,0.00
OO,4760,N709BR,DEN,ATW,Test,208.00,2022-03-31 20:51:00,0.00,Arrival,208.00,3.00
OO,3066,N709EV,ORD,MKE,Test,51.00,2022-03-28 19:46:00,0.00,Arrival,51.00,0.00
OH,5561,N709PS,DCA,BHM,Test,66.00,2022-03-31 21:06:00,47.00,Arrival,66.00,5.00
OO,3226,N709SK,HPN,ORD,Test,104.00,2022-03-30 18:43:00,0.00,Arrival,104.00,0.00
OH,5484,N710PS,DCA,TYS,Test,93.00,2022-03-31 21:18:00,12.00,Arrival,93.00,0.00
OO,3086,N710SK,ORD,DTW,Test,144.00,2022-03-31 19:59:00,60.00,Arrival,144.00,52.00
OO,3781,N712EV,TUS,LAX,Test,105.00,2022-03-30 10:00:00,0.00,Arrival,105.00,0.00
OH,5478,N712PS,MSN,PHL,Test,184.00,2022-03-31 16:45:00,0.00,Arrival,184.00,0.00
OO,3278,N712SK,DFW,ROW,Test,36.00,2022-03-31 23:14:00,0.00,Arrival,36.00,0.00
OO,3059,N713EV,DFW,JAN,Test,89.00,2022-03-31 22:10:00,0.00,Arrival,89.00,0.00
OO,3217,N713SK,PHX,ACV,Test,153.00,2022-03-31 16:48:00,2.00,Arrival,153.00,0.00
OO,3147,N716EV,FAR,ORD,Test,108.00,2022-03-31 19:22:00,10.00,Arrival,108.00,5.00
OH,5537,N716PS,DCA,PHL,Test,62.00,2022-03-29 12:41:00,27.00,Arrival,62.00,36.00
OO,3125,N716SK,PHX,FAT,Test,109.00,2022-03-24 11:46:00,0.00,Arrival,109.00,0.00
OO,3084,N717EV,DFW,SBN,Test,196.00,2022-03-30 16:44:00,0.00,Arrival,196.00,10.00
OO,3089,N718EV,FWA,DFW,Test,103.00,2022-03-29 17:26:00,11.00,Arrival,103.00,21.00
OH,5286,N718PS,TRI,CLT,Test,66.00,2022-03-31 20:58:00,0.00,Arrival,66.00,0.00
OO,3001,N718SK,ORD,OKC,Test,137.00,2022-03-30 19:47:00,6.00,Arrival,137.00,3.00
OO,3219,N719EV,DFW,COS,Test,62.00,2022-03-23 19:42:00,0.00,Arrival,62.00,0.00
OH,5581,N719PS,HSV,CLT,Test,160.00,2022-03-31 11:54:00,22.00,Arrival,160.00,39.00
OO,3034,N720EV,OMA,ORD,Test,102.00,2022-03-31 18:57:00,0.00,Arrival,102.00,0.00
OH,5368,N720PS,HSV,DCA,Test,174.00,2022-03-31 21:39:00,90.00,Arrival,174.00,112.00
OO,3085,N722EV,PHX,PSP,Test,72.00,2022-03-31 21:35:00,2.00,Arrival,72.00,0.00
OH,5371,N723PS,CLT,CAK,Test,94.00,2022-03-31 21:43:00,30.00,Arrival,94.00,24.00
OO,3207,N724EV,DFW,HRL,Test,96.00,2022-04-01 00:01:00,6.00,Arrival,96.00,9.00
OO,3131,N724SK,PHX,TUS,Test,52.00,2022-03-30 19:33:00,0.00,Arrival,52.00,0.00
OH,5449,N725PS,ROC,DCA,Test,75.00,2022-03-21 12:59:00,96.00,Arrival,75.00,97.00
OO,3021,N726SK,HRL,DFW,Test,103.00,2022-03-31 20:47:00,0.00,Arrival,103.00,0.00
OO,3090,N727SK,SJC,LAX,Test,90.00,2022-03-29 21:30:00,0.00,Arrival,90.00,0.00
OO,3079,N728SK,DFW,BRO,Test,94.00,2022-03-31 23:59:00,0.00,Arrival,94.00,0.00
OO,3068,N730EV,DFW,COU,Test,97.00,2022-03-31 22:52:00,0.00,Arrival,97.00,0.00
OO,3268,N730SK,PHX,SBP,Test,104.00,2022-03-31 22:28:00,0.00,Arrival,104.00,0.00
OO,3299,N732SK,ORD,FWA,Test,121.00,2022-03-31 19:21:00,9.00,Arrival,121.00,0.00
OO,3273,N738EV,PHX,MAF,Test,224.00,2022-03-31 22:54:00,0.00,Arrival,224.00,0.00
OO,3131,N738SK,PHX,TUS,Test,52.00,2022-03-29 19:33:00,0.00,Arrival,52.00,0.00
OO,3124,N740EV,DFW,CID,Test,122.00,2022-03-31 23:12:00,0.00,Arrival,122.00,0.00
OO,3001,N740SK,ORD,OKC,Test,137.00,2022-03-31 19:47:00,12.00,Arrival,137.00,15.00
OO,3088,N741EV,BIS,DFW,Test,159.00,2022-03-31 17:06:00,0.00,Arrival,159.00,0.00
OO,3193,N742SK,ORD,CID,Test,74.00,2022-03-31 21:19:00,0.00,Arrival,74.00,0.00
OO,5626,N743SK,DEN,HSV,Test,228.00,2022-03-31 21:24:00,0.00,Arrival,228.00,0.00
OO,3238,N744EV,ORD,AUS,Test,172.00,2022-03-26 11:03:00,9.00,Arrival,172.00,0.00
OO,3046,N744SK,LGB,PHX,Test,83.00,2022-03-31 20:57:00,0.00,Arrival,83.00,0.00
OO,3228,N745SK,DFW,FWA,Test,197.00,2022-03-30 21:57:00,0.00,Arrival,197.00,0.00
OO,3051,N746SK,AUS,ELP,Test,42.00,2022-03-31 21:32:00,1.00,Arrival,42.00,0.00
OO,3171,N748EV,ORD,BNA,Test,99.00,2022-03-31 22:04:00,27.00,Arrival,99.00,28.00
OO,3298,N748SK,PHX,GJT,Test,150.00,2022-03-31 21:52:00,0.00,Arrival,150.00,0.00
OO,3155,N750EV,ORD,BNA,Test,93.00,2022-03-31 18:58:00,4.00,Arrival,93.00,0.00
OO,3074,N750SK,ORD,TUL,Test,123.00,2022-03-31 19:58:00,21.00,Arrival,123.00,0.00
OO,3215,N751EV,ORD,FSD,Test,115.00,2022-03-31 22:30:00,9.00,Arrival,115.00,0.00
OO,3077,N751SK,MAF,PHX,Test,1431.00,2022-04-01 06:51:00,0.00,Arrival,530.00,40.00
OO,3085,N752EV,PHX,PSP,Test,71.00,2022-03-30 19:38:00,0.00,Arrival,71.00,0.00
OO,3167,N752SK,ORD,PVD,Test,202.00,2022-03-31 23:22:00,73.00,Arrival,202.00,49.00
OO,3030,N753EV,ORD,GRB,Test,62.00,2022-03-31 18:37:00,0.00,Arrival,62.00,0.00
OO,3052,N753SK,ORD,MSN,Test,70.00,2022-03-31 21:50:00,10.00,Arrival,70.00,0.00
OO,3228,N754EV,DFW,FWA,Test,197.00,2022-03-31 21:57:00,0.00,Arrival,197.00,0.00
OO,3011,N754SK,DFW,LBB,Test,74.00,2022-03-31 23:49:00,0.00,Arrival,74.00,0.00
OO,3080,N755EV,DFW,LBB,Test,74.00,2022-03-31 20:44:00,0.00,Arrival,74.00,0.00
OO,3049,N755SK,SFO,LAX,Test,105.00,2022-03-28 09:50:00,0.00,Arrival,105.00,0.00
OO,3008,N756SK,BWI,ORD,Test,82.00,2022-03-31 19:17:00,105.00,Arrival,82.00,81.00
OO,3091,N758EV,PHX,OKC,Test,249.00,2022-03-30 20:27:00,0.00,Arrival,249.00,0.00
OO,3297,N758SK,CSG,DFW,Test,86.00,2022-03-31 18:10:00,12.00,Arrival,86.00,16.00
OO,3038,N759EV,DFW,MOB,Test,98.00,2022-03-31 22:23:00,0.00,Arrival,98.00,0.00
OO,3007,N760EV,FLG,PHX,Test,56.00,2022-03-30 11:18:00,0.00,Arrival,56.00,0.00
OO,3091,N760SK,PHX,OKC,Test,249.00,2022-03-31 20:27:00,0.00,Arrival,249.00,0.00
OO,3258,N761ND,LAX,SFO,Test,86.00,2022-03-31 21:41:00,8.00,Arrival,86.00,0.00
OO,3107,N762SK,FSD,ORD,Test,97.00,2022-03-31 19:20:00,0.00,Arrival,97.00,0.00
OO,3027,N763SK,LAX,IAH,Test,318.00,2022-03-31 23:10:00,0.00,Arrival,318.00,0.00
OO,3098,N764SK,OKC,ORD,Test,126.00,2022-03-31 16:26:00,0.00,Arrival,126.00,0.00
OO,3117,N765SK,DFW,SAF,Test,56.00,2022-03-31 19:56:00,0.00,Arrival,56.00,0.00
OO,3025,N766SK,PHX,FAR,Test,303.00,2022-03-31 20:12:00,0.00,Arrival,303.00,0.00
OO,3274,N767SK,PHX,BIS,Test,286.00,2022-03-31 23:58:00,0.00,Arrival,286.00,0.00
OO,3043,N768SK,MOB,DFW,Test,122.00,2022-03-31 08:02:00,344.00,Arrival,122.00,354.00
OO,3041,N770SK,ORD,FAR,Test,128.00,2022-03-31 22:48:00,27.00,Arrival,128.00,33.00
OO,3231,N771SK,DFW,DRO,Test,72.00,2022-03-31 23:47:00,0.00,Arrival,72.00,0.00
OO,3155,N772SK,ORD,BNA,Test,93.00,2022-03-25 18:58:00,0.00,Arrival,93.00,0.00
OO,3081,N773SK,PHX,RDM,Test,156.00,2022-03-31 22:49:00,0.00,Arrival,156.00,0.00
OO,3252,N774SK,PHX,TUS,Test,53.00,2022-03-30 18:00:00,0.00,Arrival,53.00,0.00
OO,3160,N776SK,DFW,SJT,Test,65.00,2022-03-31 23:44:00,0.00,Arrival,65.00,0.00
OO,3137,N778SK,PHX,ROW,Test,153.00,2022-03-31 21:26:00,0.00,Arrival,153.00,0.00
OO,5994,N779SK,ORD,ASE,Test,118.00,2022-03-31 21:50:00,44.00,Arrival,118.00,61.00
OO,5570,N780SK,DEN,RAP,Test,78.00,2022-03-31 16:59:00,0.00,Arrival,78.00,8.00
OO,5692,N782SK,DEN,STL,Test,188.00,2022-03-31 23:34:00,5.00,Arrival,188.00,4.00
OO,5688,N783SK,DEN,BOI,Test,123.00,2022-03-31 18:23:00,0.00,Arrival,123.00,0.00
OO,5811,N784SK,DEN,BNA,Test,221.00,2022-03-31 19:21:00,0.00,Arrival,221.00,0.00
OO,4796,N785SK,LAX,SBA,Test,55.00,2022-03-31 23:55:00,0.00,Arrival,55.00,0.00
OO,5745,N786SK,ASE,DEN,Test,59.00,2022-03-31 20:05:00,0.00,Arrival,59.00,0.00
OO,5443,N787SK,IAH,SLC,Test,138.00,2022-03-31 20:43:00,0.00,Arrival,138.00,0.00
OO,5761,N788SK,ORD,COS,Test,107.00,2022-03-31 21:32:00,50.00,Arrival,107.00,49.00
OO,5597,N789SK,DEN,ASE,Test,57.00,2022-03-31 20:03:00,19.00,Arrival,57.00,35.00
OO,5222,N790SK,IND,ORD,Test,14.00,2022-03-31 12:05:00,6.00,Arrival,14.00,9.00
OO,5579,N791SK,IAH,BNA,Test,122.00,2022-03-31 22:17:00,0.00,Arrival,122.00,0.00
OO,5737,N792SK,BIH,DEN,Test,191.00,2022-03-06 16:24:00,116.00,Arrival,191.00,88.00
OO,5528,N793SK,DEN,GUC,Test,63.00,2022-03-31 20:07:00,0.00,Arrival,63.00,0.00
OO,5263,N794SK,DEN,IDA,Test,104.00,2022-03-31 20:41:00,0.00,Arrival,104.00,0.00
OO,5894,N795SK,DEN,SDF,Test,281.00,2022-03-31 22:07:00,0.00,Arrival,281.00,0.00
OO,5861,N796SK,DEN,COS,Test,52.00,2022-03-31 18:14:00,0.00,Arrival,52.00,0.00
OO,5642,N797SK,SFO,RDM,Test,103.00,2022-04-01 00:30:00,0.00,Arrival,103.00,0.00
OO,4166,N800SK,DTW,MKE,Test,15.00,2022-03-28 21:05:00,0.00,Arrival,15.00,0.00
OO,4107,N802SK,MSP,FSD,Test,60.00,2022-03-30 23:55:00,0.00,Arrival,60.00,0.00
OO,3668,N803SK,SLC,IDA,Test,67.00,2022-03-25 10:57:00,37.00,Arrival,67.00,56.00
OO,4007,N804SK,PIT,DTW,Test,67.00,2022-03-30 19:52:00,0.00,Arrival,67.00,0.00
OO,3885,N805SK,MSP,CMH,Test,166.00,2022-03-30 22:46:00,32.00,Arrival,166.00,1.00
OO,3546,N806SK,MSP,BNA,Test,123.00,2022-03-30 21:49:00,21.00,Arrival,123.00,0.00
OO,5144,N809CA,IAH,MEI,Test,97.00,2022-03-31 22:12:00,0.00,Arrival,97.00,0.00
OO,3760,N809SK,BIS,MSP,Test,87.00,2022-03-16 19:10:00,0.00,Arrival,87.00,0.00
OO,3791,N813SK,MSP,OKC,Test,125.00,2022-03-30 17:35:00,16.00,Arrival,125.00,5.00
OO,3536,N817SK,MSP,SBN,Test,148.00,2022-03-30 22:09:00,0.00,Arrival,148.00,0.00
OO,3896,N820SK,RNO,SLC,Test,145.00,2022-03-28 13:10:00,8.00,Arrival,145.00,8.00
OO,3797,N821SK,MSP,CLE,Test,168.00,2022-03-30 22:48:00,0.00,Arrival,168.00,0.00
OO,3697,N822SK,DTW,CMH,Test,57.00,2022-03-30 22:22:00,0.00,Arrival,57.00,0.00
OO,3699,N823SK,MSP,MOT,Test,93.00,2022-03-30 22:59:00,0.00,Arrival,93.00,0.00
OO,3603,N824SK,MSP,BIS,Test,89.00,2022-03-31 00:14:00,0.00,Arrival,89.00,0.00
OO,4454,N825SK,DTW,SDF,Test,82.00,2022-03-30 22:20:00,0.00,Arrival,82.00,0.00
OO,3934,N826SK,MSP,GRR,Test,144.00,2022-03-30 22:46:00,9.00,Arrival,144.00,4.00
OO,3760,N827SK,BIS,MSP,Test,87.00,2022-03-30 19:10:00,6.00,Arrival,87.00,10.00
OO,3943,N829SK,DTW,SYR,Test,77.00,2022-03-31 00:15:00,0.00,Arrival,77.00,0.00
OO,4166,N830SK,DTW,MKE,Test,15.00,2022-03-19 21:05:00,0.00,Arrival,15.00,10.00
OO,3904,N831SK,DTW,MDT,Test,79.00,2022-03-30 22:19:00,0.00,Arrival,79.00,0.00
OO,3900,N832SK,DTW,OMA,Test,72.00,2022-03-30 23:03:00,0.00,Arrival,72.00,0.00
OO,3858,N833SK,DTW,IAD,Test,83.00,2022-03-30 22:28:00,0.00,Arrival,83.00,0.00
OO,3889,N834SK,SCE,DTW,Test,75.00,2022-03-30 17:00:00,0.00,Arrival,75.00,0.00
OO,3869,N836SK,DTW,ELM,Test,76.00,2022-03-30 22:11:00,43.00,Arrival,76.00,53.00
OO,3534,N837SK,DTW,MSN,Test,15.00,2022-03-30 21:38:00,0.00,Arrival,15.00,0.00
OO,3541,N838SK,DTW,SBN,Test,55.00,2022-03-30 19:05:00,0.00,Arrival,55.00,0.00
OO,3871,N839SK,MEM,DTW,Test,174.00,2022-03-30 19:54:00,26.00,Arrival,174.00,0.00
OO,3897,N840SK,DTW,ALB,Test,93.00,2022-03-31 00:23:00,0.00,Arrival,93.00,0.00
OO,5238,N854AS,DEN,SBP,Test,114.00,2022-03-31 20:54:00,0.00,Arrival,114.00,0.00
OO,4719,N856AS,DEN,AMA,Test,152.00,2022-03-31 20:20:00,0.00,Arrival,152.00,0.00
OO,5383,N863AS,SFO,PSP,Test,94.00,2022-03-31 00:15:00,0.00,Arrival,94.00,0.00
OO,5020,N868AS,DEN,JLN,Test,169.00,2022-03-22 23:09:00,2.00,Arrival,169.00,5.00
OO,4783,N869AS,IAH,COS,Test,94.00,2022-03-31 23:19:00,0.00,Arrival,94.00,0.00
OO,3146,N870DC,MOB,DFW,Test,116.00,2022-03-31 17:37:00,0.00,Arrival,116.00,0.00
OO,3139,N872DC,ORD,COU,Test,89.00,2022-03-31 19:54:00,38.00,Arrival,89.00,43.00
OO,3661,N873AS,MBS,DTW,Test,47.00,2022-03-25 12:32:00,0.00,Arrival,47.00,0.00
OO,5055,N874AS,IAD,PBG,Test,99.00,2022-03-31 18:44:00,14.00,Arrival,99.00,13.00
OO,5876,N875AS,FAT,SFO,Test,61.00,2022-03-31 13:39:00,26.00,Arrival,61.00,44.00
OO,5419,N876AS,LAX,FAT,Test,75.00,2022-03-30 23:55:00,0.00,Arrival,75.00,1.00
OO,5409,N877AS,ORD,FAR,Test,126.00,2022-03-31 22:08:00,23.00,Arrival,126.00,0.00
OO,4266,N878AS,MSP,BJI,Test,59.00,2022-03-30 22:30:00,13.00,Arrival,59.00,0.00
OO,5492,N879AS,ORD,SCE,Test,168.00,2022-03-31 20:42:00,79.00,Arrival,168.00,42.00
OO,5648,N881AS,ORD,FWA,Test,128.00,2022-03-30 20:13:00,30.00,Arrival,128.00,12.00
OO,3609,N886AS,LWS,SLC,Test,154.00,2022-03-30 16:34:00,0.00,Arrival,154.00,0.00
OO,5325,N889AS,COS,IAH,Test,211.00,2022-03-31 11:11:00,0.00,Arrival,211.00,0.00
OO,3614,N896SK,MSN,DTW,Test,137.00,2022-03-30 19:35:00,0.00,Arrival,137.00,3.00
OO,3837,N897SK,DTW,STL,Test,37.00,2022-03-30 21:42:00,36.00,Arrival,37.00,37.00
OO,3509,N898SK,MSP,MKE,Test,74.00,2022-03-30 20:54:00,0.00,Arrival,74.00,0.00
OO,3862,N899SK,MSP,EWR,Test,220.00,2022-03-30 23:31:00,45.00,Arrival,220.00,57.00
OO,5643,N900EV,MTJ,DEN,Test,66.00,2022-03-31 16:36:00,0.00,Arrival,66.00,0.00
OO,5043,N903EV,EAR,ORD,Test,117.00,2022-03-31 20:25:00,0.00,Arrival,117.00,0.00
OO,5016,N903SW,CGI,ORD,Test,95.00,2022-03-31 17:05:00,27.00,Arrival,95.00,41.00
OO,5046,N904EV,LAX,PRC,Test,82.00,2022-03-31 21:42:00,0.00,Arrival,82.00,0.00
OO,5116,N905EV,DEN,EAR,Test,131.00,2022-03-31 22:39:00,0.00,Arrival,131.00,0.00
OO,6006,N905SW,DEN,BUR,Test,107.00,2022-03-31 20:40:00,0.00,Arrival,107.00,0.00
OO,5638,N906EV,SFO,SMF,Test,53.00,2022-03-31 23:34:00,1.00,Arrival,53.00,4.00
OO,5234,N908EV,ORD,SBN,Test,113.00,2022-03-30 22:58:00,0.00,Arrival,113.00,0.00
OO,5076,N908SW,PBG,IAD,Test,103.00,2022-03-21 09:08:00,41.00,Arrival,103.00,50.00
OO,5139,N909EV,CKB,ORD,Test,51.00,2022-03-30 19:36:00,57.00,Arrival,51.00,67.00
OO,5565,N909SW,DEN,FAT,Test,94.00,2022-03-31 20:43:00,0.00,Arrival,94.00,0.00
OO,5888,N910EV,SFO,BOI,Test,165.00,2022-03-31 22:55:00,0.00,Arrival,165.00,0.00
OO,4701,N910SW,DEN,MOT,Test,177.00,2022-03-31 23:30:00,0.00,Arrival,177.00,0.00
OO,5446,N912EV,SFO,SBP,Test,70.00,2022-03-31 23:59:00,0.00,Arrival,70.00,0.00
OO,5848,N912SW,FSD,DEN,Test,57.00,2022-03-19 17:53:00,5.00,Arrival,57.00,0.00
OO,4747,N913EV,DEN,SBA,Test,110.00,2022-03-28 18:04:00,43.00,Arrival,110.00,34.00
OO,5373,N914EV,SFO,FAT,Test,62.00,2022-03-31 19:36:00,0.00,Arrival,62.00,0.00
OO,5152,N915EV,DEN,GCC,Test,76.00,2022-03-30 22:20:00,18.00,Arrival,76.00,11.00
OO,5644,N916EV,SFO,BOI,Test,168.00,2022-03-31 19:08:00,0.00,Arrival,168.00,0.00
OO,3624,N917EV,SLC,COS,Test,95.00,2022-03-30 18:55:00,0.00,Arrival,95.00,0.00
OO,5550,N917SW,DEN,HLN,Test,122.00,2022-03-31 21:02:00,0.00,Arrival,122.00,0.00
OO,3730,N919EV,FSD,MSP,Test,79.00,2022-03-30 19:03:00,80.00,Arrival,79.00,87.00
OO,5140,N919SW,ORD,CMX,Test,153.00,2022-03-31 22:13:00,37.00,Arrival,153.00,5.00
OO,5713,N920EV,SFO,RDD,Test,70.00,2022-03-31 23:46:00,14.00,Arrival,70.00,22.00
OO,5590,N920SW,SFO,SLC,Test,176.00,2022-03-31 21:36:00,0.00,Arrival,176.00,0.00
OO,4274,N921EV,DTW,CIU,Test,74.00,2022-03-30 22:09:00,46.00,Arrival,74.00,48.00
OO,3625,N922EV,MSP,FWA,Test,155.00,2022-03-30 22:15:00,74.00,Arrival,155.00,77.00
OO,3827,N923EV,MSP,RST,Test,40.00,2022-03-30 23:33:00,1.00,Arrival,40.00,0.00
OO,5090,N923SW,FOD,DEN,Test,62.00,2022-03-31 19:32:00,0.00,Arrival,62.00,0.00
OO,5359,N924SW,DEN,XWA,Test,175.00,2022-03-31 21:55:00,0.00,Arrival,175.00,0.00
OO,5215,N925EV,IAH,AMA,Test,110.00,2022-03-31 22:15:00,0.00,Arrival,110.00,0.00
OO,5683,N925SW,DEN,COD,Test,91.00,2022-03-31 20:26:00,0.00,Arrival,91.00,0.00
OO,4264,N926EV,MSP,ABR,Test,72.00,2022-03-30 19:12:00,0.00,Arrival,72.00,0.00
OO,4694,N926SW,CHA,ORD,Test,71.00,2022-03-31 18:47:00,0.00,Arrival,71.00,0.00
OO,5188,N928EV,MKG,ORD,Test,6.00,2022-03-31 18:24:00,0.00,Arrival,6.00,0.00
OO,5565,N929EV,DEN,FAT,Test,94.00,2022-03-30 20:43:00,0.00,Arrival,94.00,0.00
OO,5343,N929SW,DEN,LWS,Test,95.00,2022-03-31 22:36:00,0.00,Arrival,95.00,0.00
OO,5053,N930EV,DEN,BFF,Test,50.00,2022-03-31 21:55:00,0.00,Arrival,50.00,0.00
OO,4725,N930SW,DEN,BFL,Test,106.00,2022-03-31 20:38:00,0.00,Arrival,106.00,0.00
OO,3690,N931EV,MSP,LSE,Test,53.00,2022-03-30 20:47:00,9.00,Arrival,53.00,0.00
OO,5424,N932SW,DEN,TUS,Test,79.00,2022-03-21 17:00:00,7.00,Arrival,79.00,34.00
OO,4257,N936EV,MSP,HIB,Test,56.00,2022-03-30 22:30:00,1.00,Arrival,56.00,0.00
OO,4801,N937EV,DEN,OKC,Test,168.00,2022-03-31 20:10:00,0.00,Arrival,168.00,0.00
OO,5349,N939SW,LAX,COS,Test,211.00,2022-03-31 22:22:00,0.00,Arrival,211.00,0.00
OO,5383,N943SW,SFO,PSP,Test,94.00,2022-04-01 00:15:00,2.00,Arrival,94.00,7.00
OO,5441,N945SW,DEN,DRO,Test,77.00,2022-03-31 12:32:00,0.00,Arrival,77.00,0.00
OO,5056,N946SW,DEN,SLN,Test,143.00,2022-03-31 22:48:00,789.00,Arrival,143.00,779.00
OO,4667,N947SW,CID,ORD,Test,85.00,2022-03-31 18:48:00,5.00,Arrival,85.00,0.00
OO,5373,N953SW,SFO,FAT,Test,62.00,2022-03-30 19:36:00,0.00,Arrival,62.00,0.00
OO,5021,N954SW,DEN,LBF,Test,125.00,2022-03-31 22:25:00,0.00,Arrival,125.00,0.00
OO,5600,N955SW,ONT,SFO,Test,97.00,2022-03-22 17:29:00,0.00,Arrival,97.00,9.00
OO,5494,N956SW,SFO,STS,Test,50.00,2022-03-31 23:48:00,0.00,Arrival,50.00,0.00
OO,5858,N957SW,FCA,DEN,Test,142.00,2022-03-22 19:33:00,0.00,Arrival,142.00,0.00
OO,5419,N958SW,LAX,FAT,Test,75.00,2022-03-31 23:55:00,28.00,Arrival,75.00,28.00
OO,5515,N959SW,SYR,ORD,Test,81.00,2022-03-31 18:55:00,0.00,Arrival,81.00,0.00
OO,5111,N960SW,DEN,LAR,Test,47.00,2022-03-31 21:43:00,0.00,Arrival,47.00,0.00
OO,5038,N961SW,PAH,ORD,Test,108.00,2022-03-31 20:03:00,0.00,Arrival,108.00,0.00
OO,5104,N962SW,JMS,DVL,Test,45.00,2022-03-31 21:25:00,0.00,Arrival,45.00,0.00
OO,5382,N964SW,ORD,HSV,Test,106.00,2022-03-31 19:46:00,69.00,Arrival,106.00,55.00
OO,5030,N965SW,DEN,CYS,Test,53.00,2022-03-31 21:23:00,0.00,Arrival,53.00,0.00
OO,5037,N967SW,DEN,SGU,Test,115.00,2022-03-31 22:15:00,0.00,Arrival,115.00,0.00
OO,5424,N969SW,DEN,TUS,Test,76.00,2022-03-30 17:04:00,0.00,Arrival,76.00,0.00
OO,5288,N970SW,LAX,MRY,Test,78.00,2022-03-31 20:28:00,0.00,Arrival,78.00,0.00
OO,5152,N971SW,DEN,GCC,Test,76.00,2022-03-31 22:20:00,0.00,Arrival,76.00,0.00
OO,5518,N973SW,SBN,ORD,Test,5.00,2022-03-31 09:35:00,0.00,Arrival,5.00,0.00
OO,4643,N975SW,AMA,IAH,Test,108.00,2022-03-31 08:25:00,14.00,Arrival,108.00,0.00
OO,5527,N976SW,SFO,TUS,Test,134.00,2022-03-31 19:09:00,0.00,Arrival,134.00,0.00
OO,5589,N978SW,DEN,FAR,Test,180.00,2022-03-31 20:21:00,0.00,Arrival,180.00,0.00
OO,5015,N979SW,LAX,PRC,Test,80.00,2022-03-21 21:00:00,0.00,Arrival,80.00,0.00
OO,5167,N980SW,DEN,SHR,Test,84.00,2022-03-31 22:29:00,0.00,Arrival,84.00,0.00
OO,5904,N982SW,SFO,FAT,Test,65.00,2022-03-31 23:40:00,0.00,Arrival,65.00,5.00
OO,5527,N983SW,SFO,TUS,Test,134.00,2022-03-30 19:09:00,0.00,Arrival,134.00,0.00
OO,4703,N986SW,DEN,MLI,Test,192.00,2022-03-31 20:39:00,15.00,Arrival,192.00,15.00
